{
  "run_id": "20251029_073959",
  "llm_name": "LocalHuggingFace(/opt/data/private/models/Qwen3-4B-Instruct-2507)",
  "n_samples": 30,
  "n_queries_per_sample": null,
  "query_multiplier": 1.0,
  "seed": 33550336,
  "timestamp": "2025-10-29T07:50:50.181944",
  "results": [
    {
      "observation_set_id": "g3_h3_b1_007",
      "n_observations": 1,
      "n_ground_truths": 3,
      "n_queries": 3,
      "n_valid": 1,
      "n_unique": 3,
      "n_recovered_gts": 1,
      "parse_success_count": 3,
      "parse_success_rate": 1.0,
      "valid_rate": 0.3333333333333333,
      "novelty_rate": 1.0,
      "recovery_rate": 0.3333333333333333,
      "token_usage": {
        "prompt_tokens": 3489,
        "completion_tokens": 1587,
        "total_tokens": 5076
      },
      "cost": 0.0,
      "errors": [],
      "error_summary": {
        "total_errors": 0,
        "error_types": {}
      },
      "all_hypotheses": [
        "Layer 1:\n0 0 0\n0 0 0\n1 0 0\nLayer 2:\n0 0 0\n0 0 0\n1 0 0\nLayer 3:\n0 0 0\n0 0 0\n1 0 0",
        "Layer 1:\n0 0 0\n0 0 0\n1 0 0\n0 0 0\n0 0 0\n0 0 0\nLayer 2:\n0 0 0\n0 0 0\n0 0 0\n0 0 0\n0 0 0\n0 0 0\nLayer 3:\n0 0 0\n0 0 0\n0 0 0\n0 0 0\n0 0 0\n1 0 0",
        "Layer 1:\n0 0 0\n0 0 0\n1 0 0\nLayer 2:\n0 0 0\n0 0 0\n0 0 0\nLayer 3:\n0 0 0\n0 0 0\n1 0 0"
      ],
      "unique_structures": [
        "Layer 1:\n0 0 0\n0 0 0\n1 0 0\nLayer 2:\n0 0 0\n0 0 0\n1 0 0\nLayer 3:\n0 0 0\n0 0 0\n1 0 0",
        "Layer 1:\n0 0 0\n0 0 0\n1 0 0\n0 0 0\n0 0 0\n0 0 0\nLayer 2:\n0 0 0\n0 0 0\n0 0 0\n0 0 0\n0 0 0\n0 0 0\nLayer 3:\n0 0 0\n0 0 0\n0 0 0\n0 0 0\n0 0 0\n1 0 0",
        "Layer 1:\n0 0 0\n0 0 0\n1 0 0\nLayer 2:\n0 0 0\n0 0 0\n0 0 0\nLayer 3:\n0 0 0\n0 0 0\n1 0 0"
      ]
    },
    {
      "observation_set_id": "g3_h3_b1_004",
      "n_observations": 1,
      "n_ground_truths": 3,
      "n_queries": 3,
      "n_valid": 3,
      "n_unique": 2,
      "n_recovered_gts": 2,
      "parse_success_count": 3,
      "parse_success_rate": 1.0,
      "valid_rate": 1.0,
      "novelty_rate": 0.6666666666666666,
      "recovery_rate": 0.6666666666666666,
      "token_usage": {
        "prompt_tokens": 3347,
        "completion_tokens": 1345,
        "total_tokens": 4692
      },
      "cost": 0.0,
      "errors": [],
      "error_summary": {
        "total_errors": 0,
        "error_types": {}
      },
      "all_hypotheses": [
        "Layer 1:\n0 0 0\n1 0 0\n0 0 0",
        "Layer 1:\n0 0 0\n1 0 0\n0 0 0\nLayer 2:\n0 0 0\n1 0 0\n0 0 0\nLayer 3:\n0 0 0\n1 0 0\n0 0 0",
        "Layer 1:\n0 0 0\n1 0 0\n0 0 0"
      ],
      "unique_structures": [
        "Layer 1:\n0 0 0\n1 0 0\n0 0 0",
        "Layer 1:\n0 0 0\n1 0 0\n0 0 0\nLayer 2:\n0 0 0\n1 0 0\n0 0 0\nLayer 3:\n0 0 0\n1 0 0\n0 0 0"
      ]
    },
    {
      "observation_set_id": "g3_h3_b1_006",
      "n_observations": 1,
      "n_ground_truths": 3,
      "n_queries": 3,
      "n_valid": 2,
      "n_unique": 3,
      "n_recovered_gts": 2,
      "parse_success_count": 3,
      "parse_success_rate": 1.0,
      "valid_rate": 0.6666666666666666,
      "novelty_rate": 1.0,
      "recovery_rate": 0.6666666666666666,
      "token_usage": {
        "prompt_tokens": 3489,
        "completion_tokens": 2632,
        "total_tokens": 6121
      },
      "cost": 0.0,
      "errors": [],
      "error_summary": {
        "total_errors": 0,
        "error_types": {}
      },
      "all_hypotheses": [
        "Layer 1:\n0 0 0\n0 0 1\n0 0 0\nLayer 2:\n0 0 0\n0 0 1\n0 0 0\nLayer 3:\n0 0 0\n0 0 1\n0 0 0",
        "Layer 1:\n0 0 0\n0 0 1\n0 0 0\n0 0 0\n0 0 0\n0 0 0\nLayer 2:\n0 0 0\n0 0 0\n0 0 0\n0 0 0\n0 0 0\n0 0 0\nLayer 3:\n0 0 0\n0 0 1\n0 0 0\n0 0 0\n0 0 1\n0 0 0",
        "Layer 1:\n0 0 0\n0 0 1\n0 0 0\nLayer 2:\n0 0 0\n0 0 1\n0 0 0"
      ],
      "unique_structures": [
        "Layer 1:\n0 0 0\n0 0 1\n0 0 0\nLayer 2:\n0 0 0\n0 0 1\n0 0 0\nLayer 3:\n0 0 0\n0 0 1\n0 0 0",
        "Layer 1:\n0 0 0\n0 0 1\n0 0 0\n0 0 0\n0 0 0\n0 0 0\nLayer 2:\n0 0 0\n0 0 0\n0 0 0\n0 0 0\n0 0 0\n0 0 0\nLayer 3:\n0 0 0\n0 0 1\n0 0 0\n0 0 0\n0 0 1\n0 0 0",
        "Layer 1:\n0 0 0\n0 0 1\n0 0 0\nLayer 2:\n0 0 0\n0 0 1\n0 0 0"
      ]
    },
    {
      "observation_set_id": "g3_h3_b1_002",
      "n_observations": 1,
      "n_ground_truths": 3,
      "n_queries": 3,
      "n_valid": 3,
      "n_unique": 2,
      "n_recovered_gts": 2,
      "parse_success_count": 3,
      "parse_success_rate": 1.0,
      "valid_rate": 1.0,
      "novelty_rate": 0.6666666666666666,
      "recovery_rate": 0.6666666666666666,
      "token_usage": {
        "prompt_tokens": 3347,
        "completion_tokens": 1159,
        "total_tokens": 4506
      },
      "cost": 0.0,
      "errors": [],
      "error_summary": {
        "total_errors": 0,
        "error_types": {}
      },
      "all_hypotheses": [
        "Layer 1:\n0 1 0\n0 0 0\n0 0 0",
        "Layer 1:\n0 1 0\n0 0 0\n0 0 0\nLayer 2:\n0 1 0\n0 0 0\n0 0 0\nLayer 3:\n0 1 0\n0 0 0\n0 0 0",
        "Layer 1:\n0 1 0\n0 0 0\n0 0 0"
      ],
      "unique_structures": [
        "Layer 1:\n0 1 0\n0 0 0\n0 0 0",
        "Layer 1:\n0 1 0\n0 0 0\n0 0 0\nLayer 2:\n0 1 0\n0 0 0\n0 0 0\nLayer 3:\n0 1 0\n0 0 0\n0 0 0"
      ]
    },
    {
      "observation_set_id": "g3_h3_b1_001",
      "n_observations": 1,
      "n_ground_truths": 3,
      "n_queries": 3,
      "n_valid": 3,
      "n_unique": 2,
      "n_recovered_gts": 2,
      "parse_success_count": 3,
      "parse_success_rate": 1.0,
      "valid_rate": 1.0,
      "novelty_rate": 0.6666666666666666,
      "recovery_rate": 0.6666666666666666,
      "token_usage": {
        "prompt_tokens": 3347,
        "completion_tokens": 938,
        "total_tokens": 4285
      },
      "cost": 0.0,
      "errors": [],
      "error_summary": {
        "total_errors": 0,
        "error_types": {}
      },
      "all_hypotheses": [
        "Layer 1:\n1 0 0\n0 0 0\n0 0 0",
        "Layer 1:\n1 0 0\n0 0 0\n0 0 0\nLayer 2:\n1 0 0\n0 0 0\n0 0 0\nLayer 3:\n1 0 0\n0 0 0\n0 0 0",
        "Layer 1:\n1 0 0\n0 0 0\n0 0 0"
      ],
      "unique_structures": [
        "Layer 1:\n1 0 0\n0 0 0\n0 0 0",
        "Layer 1:\n1 0 0\n0 0 0\n0 0 0\nLayer 2:\n1 0 0\n0 0 0\n0 0 0\nLayer 3:\n1 0 0\n0 0 0\n0 0 0"
      ]
    },
    {
      "observation_set_id": "g3_h3_b1_003",
      "n_observations": 1,
      "n_ground_truths": 3,
      "n_queries": 3,
      "n_valid": 3,
      "n_unique": 2,
      "n_recovered_gts": 2,
      "parse_success_count": 3,
      "parse_success_rate": 1.0,
      "valid_rate": 1.0,
      "novelty_rate": 0.6666666666666666,
      "recovery_rate": 0.6666666666666666,
      "token_usage": {
        "prompt_tokens": 3347,
        "completion_tokens": 1116,
        "total_tokens": 4463
      },
      "cost": 0.0,
      "errors": [],
      "error_summary": {
        "total_errors": 0,
        "error_types": {}
      },
      "all_hypotheses": [
        "Layer 1:\n0 0 1\n0 0 0\n0 0 0",
        "Layer 1:\n0 0 1\n0 0 0\n0 0 0\nLayer 2:\n0 0 1\n0 0 0\n0 0 0\nLayer 3:\n0 0 1\n0 0 0\n0 0 0",
        "Layer 1:\n0 0 1\n0 0 0\n0 0 0"
      ],
      "unique_structures": [
        "Layer 1:\n0 0 1\n0 0 0\n0 0 0",
        "Layer 1:\n0 0 1\n0 0 0\n0 0 0\nLayer 2:\n0 0 1\n0 0 0\n0 0 0\nLayer 3:\n0 0 1\n0 0 0\n0 0 0"
      ]
    },
    {
      "observation_set_id": "g3_h3_b1_005",
      "n_observations": 1,
      "n_ground_truths": 3,
      "n_queries": 3,
      "n_valid": 1,
      "n_unique": 3,
      "n_recovered_gts": 1,
      "parse_success_count": 3,
      "parse_success_rate": 1.0,
      "valid_rate": 0.3333333333333333,
      "novelty_rate": 1.0,
      "recovery_rate": 0.3333333333333333,
      "token_usage": {
        "prompt_tokens": 3435,
        "completion_tokens": 4001,
        "total_tokens": 7436
      },
      "cost": 0.0,
      "errors": [],
      "error_summary": {
        "total_errors": 0,
        "error_types": {}
      },