{
  "run_id": "20251101_061040",
  "llm_name": "LocalHuggingFace(/opt/data/private/models/Qwen3-4B-Instruct-2507)",
  "n_samples": 30,
  "n_queries_per_sample": null,
  "query_multiplier": 1.0,
  "seed": 33550336,
  "timestamp": "2025-11-01T06:29:43.919818",
  "results": [
    {
      "observation_set_id": "g3_h3_b2_028",
      "n_observations": 1,
      "n_ground_truths": 9,
      "n_queries": 9,
      "n_valid": 4,
      "n_unique": 4,
      "n_recovered_gts": 2,
      "parse_success_count": 6,
      "parse_success_rate": 0.6666666666666666,
      "valid_rate": 0.4444444444444444,
      "novelty_rate": 0.4444444444444444,
      "recovery_rate": 0.2222222222222222,
      "token_usage": {
        "prompt_tokens": 27026,
        "completion_tokens": 34250,
        "total_tokens": 61276
      },
      "cost": 0.0,
      "errors": [],
      "error_summary": {
        "total_errors": 0,
        "error_types": {}
      },
      "all_hypotheses": [
        "Layer 1:\n0 0 0\n0 1 0\n1 0 0",
        "Layer 1:\n0 0 0\n0 1 0\n1 0 0\n0 0 0\n0 0 0\nLayer 2:\n0 1 0\n0 1 0\n0 0 0\n0 0 0\n0 1 0",
        "Layer 1:\n0 0 0\n0 1 0\n1 0 0\nLayer 2:\n0 0 0\n0 1 0\n1 0 0",
        "Layer 1:\n0 0 0\n0 1 0\n1 0 0",
        "Layer 1:\n0 0 0\n0 0 0\n1 0 0\nLayer 2:\n0 0 0\n0 1 0\n1 0 0\nLayer 3:\n0 0 0\n0 1 0\n0 0 0",
        "Layer 1:\n0 0 0\n0 1 0\n1 0 0"
      ],
      "unique_structures": [
        "Layer 1:\n0 0 0\n0 1 0\n1 0 0",
        "Layer 1:\n0 0 0\n0 1 0\n1 0 0\n0 0 0\n0 0 0\nLayer 2:\n0 1 0\n0 1 0\n0 0 0\n0 0 0\n0 1 0",
        "Layer 1:\n0 0 0\n0 1 0\n1 0 0\nLayer 2:\n0 0 0\n0 1 0\n1 0 0",
        "Layer 1:\n0 0 0\n0 0 0\n1 0 0\nLayer 2:\n0 0 0\n0 1 0\n1 0 0\nLayer 3:\n0 0 0\n0 1 0\n0 0 0"
      ]
    }
  ],
  "total_token_usage": {
    "prompt_tokens": 27026,
    "completion_tokens": 34250,
    "total_tokens": 61276
  },
  "total_cost": 0.0,
  "all_errors": [],
  "total_error_counts": {}
}